{"text": "2023-03-05T17:54:01.633237+0300 INFO Параметр сортировки в сессии отсутствует. 'sort_item'\n", "record": {"elapsed": {"repr": "0:00:00.831631", "seconds": 0.831631}, "exception": null, "extra": {}, "file": {"name": "utils.py", "path": "/home/msi/PycharmProjects/djangoProject/administration_app/utils.py"}, "function": "change_session_queryset", "level": {"icon": "ℹ️", "name": "INFO", "no": 20}, "line": 277, "message": "Параметр сортировки в сессии отсутствует. 'sort_item'", "module": "utils", "name": "administration_app.utils", "process": {"id": 142144, "name": "MainProcess"}, "thread": {"id": 139655992157888, "name": "Thread-1 (process_request_thread)"}, "time": {"repr": "2023-03-05 17:54:01.633237+03:00", "timestamp": 1678028041.633237}}}
